type_name,tag,signal_name,unit,unit_description,subsystem,min_expected,max_expected,allowed_values,is_cumulative
Anfoloader_Emulsion,NS=2;s=Fuel_Or_Charge_Percent,Fuel_Or_Charge_Percent,PCT,Percentage,Powertrain,5,100,,false
Anfoloader_Emulsion,NS=2;s=Is_Idle,Is_Idle,BOOL,Boolean Flag,Status,0,1,,false
Anfoloader_Emulsion,NS=2;s=Is_Operational,Is_Operational,BOOL,Boolean Flag,Status,0,1,,false
Anfoloader_Emulsion,NS=2;s=Is_In_Fault,Is_In_Fault,BOOL,Boolean Flag,Status,0,1,,false
Anfoloader_Emulsion,NS=2;s=Vehicle_Speed,Vehicle_Speed,KMH,Kilometers Per Hour,Mobility,0,25,,false
Anfoloader_Emulsion,NS=2;s=Location_Handshake_Zone,Location_Handshake_Zone,CODE,Location Zone,Location,,,LEVEL_2600_ORE_PASS|LEVEL_2600_RAMP_NORTH|LEVEL_2600_SHOP|RAMP_PORTAL|REFUGE_STATION_B|STOPE_402_HEADING,false
Anfoloader_Emulsion,NS=2;s=Tire_Pressure_FL,Tire_Pressure_FL,PSI,Pounds per Sq Inch,Tires,40,110,,false
Anfoloader_Emulsion,NS=2;s=Tire_Pressure_FR,Tire_Pressure_FR,PSI,Pounds per Sq Inch,Tires,40,110,,false
Anfoloader_Emulsion,NS=2;s=Tire_Pressure_RL,Tire_Pressure_RL,PSI,Pounds per Sq Inch,Tires,40,110,,false
Anfoloader_Emulsion,NS=2;s=Tire_Pressure_RR,Tire_Pressure_RR,PSI,Pounds per Sq Inch,Tires,40,110,,false
Anfoloader_Emulsion,NS=2;s=Engine_Cumulative_Hours,Engine_Cumulative_Hours,HRS,Hours,Powertrain,0,,,true
Anfoloader_Emulsion,NS=2;s=Engine_Oil_Temp,Engine_Oil_Temp,DEGC,Degrees Celsius,Powertrain,50,135,,false
Anfoloader_Emulsion,NS=2;s=Engine_Oil_Pressure,Engine_Oil_Pressure,PSI,Pounds per Sq Inch,Powertrain,10,75,,false
Anfoloader_Emulsion,NS=2;s=Fuel_Consumption_Rate,Fuel_Consumption_Rate,LPH,Liters Per Hour,Powertrain,0,45,,false
Anfoloader_Emulsion,NS=2;s=Transmission_Oil_Temp,Transmission_Oil_Temp,DEGC,Degrees Celsius,Powertrain,40,125,,false
Anfoloader_Emulsion,NS=2;s=Transmission_Oil_Pressure,Transmission_Oil_Pressure,PSI,Pounds per Sq Inch,Powertrain,50,280,,false
Anfoloader_Emulsion,NS=2;s=Brake_Cooling_Oil_Temp,Brake_Cooling_Oil_Temp,DEGC,Degrees Celsius,Braking,30,115,,false
Anfoloader_Emulsion,NS=2;s=Hydraulic_Filter_Restriction_Delta,Hydraulic_Filter_Restriction_Delta,PSI,Pounds per Sq Inch,Hydraulics,2,40,,false
Anfoloader_Emulsion,NS=2;s=Hydraulic_Oil_Level_Percent,Hydraulic_Oil_Level_Percent,PCT,Percentage,Hydraulics,30,100,,false
Anfoloader_Emulsion,NS=2;s=12V_Control_Bus_Voltage,12V_Control_Bus_Voltage,VOLTS,Volts DC,Electrical,10.5,14.2,,false
Anfoloader_Emulsion,NS=2;s=Exhaust_Gas_Temp,Exhaust_Gas_Temp,DEGC,Degrees Celsius,Powertrain,150,750,,false
Anfoloader_Emulsion,NS=2;s=Coolant_Level_Percent,Coolant_Level_Percent,PCT,Percentage,Powertrain,20,100,,false
Anfoloader_Emulsion,NS=2;s=Cabin_Operator_Seat_Occupied,Cabin_Operator_Seat_Occupied,BOOL,Boolean Flag,Safety,0,1,,false
Anfoloader_Emulsion,NS=2;s=Fire_Suppression_System_Pressure,Fire_Suppression_System_Pressure,PSI,Pounds per Sq Inch,Safety,100,360,,false
Anfoloader_Emulsion,NS=2;s=Articulated_Frame_Steer_Angle,Articulated_Frame_Steer_Angle,DEGREES,Degrees,Steering,-35,35,,false
Anfoloader_Emulsion,NS=2;s=Parking_Brake_Engaged,Parking_Brake_Engaged,BOOL,Boolean Flag,Braking,0,1,,false
Anfoloader_Emulsion,NS=2;s=Driveshaft_RPM,Driveshaft_RPM,RPM,Revolutions Per Minute,Powertrain,0,1800,,false
Anfoloader_Emulsion,NS=2;s=Ambient_Mine_Air_Temp,Ambient_Mine_Air_Temp,DEGC,Degrees Celsius,Environment,18,28,,false
Anfoloader_Emulsion,NS=2;s=System_Uptime_Seconds,System_Uptime_Seconds,SEC,Seconds,Diagnostics,0,,,true
Anfoloader_Emulsion,NS=2;s=Emergency_Stop_Circuit_Status,Emergency_Stop_Circuit_Status,BOOL,Boolean Flag,Safety,0,1,,false
Anfoloader_Emulsion,NS=2;s=Emulsion_Pumping_Pressure,Emulsion_Pumping_Pressure,PSI,Pounds per Sq Inch,Explosives,0,700,,false
Anfoloader_Emulsion,NS=2;s=Hose_Reel_Encoder_Count,Hose_Reel_Encoder_Count,COUNT,Discrete Count,Explosives,0,100,,false
Cable_Bolter,NS=2;s=Fuel_Or_Charge_Percent,Fuel_Or_Charge_Percent,PCT,Percentage,Powertrain,5,100,,false
Cable_Bolter,NS=2;s=Is_Idle,Is_Idle,BOOL,Boolean Flag,Status,0,1,,false
Cable_Bolter,NS=2;s=Is_Operational,Is_Operational,BOOL,Boolean Flag,Status,0,1,,false
Cable_Bolter,NS=2;s=Is_In_Fault,Is_In_Fault,BOOL,Boolean Flag,Status,0,1,,false
Cable_Bolter,NS=2;s=Vehicle_Speed,Vehicle_Speed,KMH,Kilometers Per Hour,Mobility,0,25,,false
Cable_Bolter,NS=2;s=Location_Handshake_Zone,Location_Handshake_Zone,CODE,Location Zone,Location,,,LEVEL_2600_ORE_PASS|LEVEL_2600_RAMP_NORTH|LEVEL_2600_SHOP|RAMP_PORTAL|REFUGE_STATION_B|STOPE_402_HEADING,false
Cable_Bolter,NS=2;s=Tire_Pressure_FL,Tire_Pressure_FL,PSI,Pounds per Sq Inch,Tires,40,110,,false
Cable_Bolter,NS=2;s=Tire_Pressure_FR,Tire_Pressure_FR,PSI,Pounds per Sq Inch,Tires,40,110,,false
Cable_Bolter,NS=2;s=Tire_Pressure_RL,Tire_Pressure_RL,PSI,Pounds per Sq Inch,Tires,40,110,,false
Cable_Bolter,NS=2;s=Tire_Pressure_RR,Tire_Pressure_RR,PSI,Pounds per Sq Inch,Tires,40,110,,false
Cable_Bolter,NS=2;s=Engine_Cumulative_Hours,Engine_Cumulative_Hours,HRS,Hours,Powertrain,0,,,true
Cable_Bolter,NS=2;s=Engine_Oil_Temp,Engine_Oil_Temp,DEGC,Degrees Celsius,Powertrain,50,135,,false
Cable_Bolter,NS=2;s=Engine_Oil_Pressure,Engine_Oil_Pressure,PSI,Pounds per Sq Inch,Powertrain,10,75,,false
Cable_Bolter,NS=2;s=Fuel_Consumption_Rate,Fuel_Consumption_Rate,LPH,Liters Per Hour,Powertrain,0,45,,false
Cable_Bolter,NS=2;s=Transmission_Oil_Temp,Transmission_Oil_Temp,DEGC,Degrees Celsius,Powertrain,40,125,,false
Cable_Bolter,NS=2;s=Transmission_Oil_Pressure,Transmission_Oil_Pressure,PSI,Pounds per Sq Inch,Powertrain,50,280,,false
Cable_Bolter,NS=2;s=Brake_Cooling_Oil_Temp,Brake_Cooling_Oil_Temp,DEGC,Degrees Celsius,Braking,30,115,,false
Cable_Bolter,NS=2;s=Hydraulic_Filter_Restriction_Delta,Hydraulic_Filter_Restriction_Delta,PSI,Pounds per Sq Inch,Hydraulics,2,40,,false
Cable_Bolter,NS=2;s=Hydraulic_Oil_Level_Percent,Hydraulic_Oil_Level_Percent,PCT,Percentage,Hydraulics,30,100,,false
Cable_Bolter,NS=2;s=12V_Control_Bus_Voltage,12V_Control_Bus_Voltage,VOLTS,Volts DC,Electrical,10.5,14.2,,false
Cable_Bolter,NS=2;s=Exhaust_Gas_Temp,Exhaust_Gas_Temp,DEGC,Degrees Celsius,Powertrain,150,750,,false
Cable_Bolter,NS=2;s=Coolant_Level_Percent,Coolant_Level_Percent,PCT,Percentage,Powertrain,20,100,,false
Cable_Bolter,NS=2;s=Cabin_Operator_Seat_Occupied,Cabin_Operator_Seat_Occupied,BOOL,Boolean Flag,Safety,0,1,,false
Cable_Bolter,NS=2;s=Fire_Suppression_System_Pressure,Fire_Suppression_System_Pressure,PSI,Pounds per Sq Inch,Safety,100,360,,false
Cable_Bolter,NS=2;s=Articulated_Frame_Steer_Angle,Articulated_Frame_Steer_Angle,DEGREES,Degrees,Steering,-35,35,,false
Cable_Bolter,NS=2;s=Parking_Brake_Engaged,Parking_Brake_Engaged,BOOL,Boolean Flag,Braking,0,1,,false
Cable_Bolter,NS=2;s=Driveshaft_RPM,Driveshaft_RPM,RPM,Revolutions Per Minute,Powertrain,0,1800,,false
Cable_Bolter,NS=2;s=Ambient_Mine_Air_Temp,Ambient_Mine_Air_Temp,DEGC,Degrees Celsius,Environment,18,28,,false
Cable_Bolter,NS=2;s=System_Uptime_Seconds,System_Uptime_Seconds,SEC,Seconds,Diagnostics,0,,,true
Cable_Bolter,NS=2;s=Emergency_Stop_Circuit_Status,Emergency_Stop_Circuit_Status,BOOL,Boolean Flag,Safety,0,1,,false
Cable_Bolter,NS=2;s=Resin_Container_A_Level_Percent,Resin_Container_A_Level_Percent,PCT,Percentage,Ground_Support,0,100,,false
Cable_Bolter,NS=2;s=Resin_Container_B_Level_Percent,Resin_Container_B_Level_Percent,PCT,Percentage,Ground_Support,0,100,,false
Cable_Bolter,NS=2;s=Cable_Feed_Length,Cable_Feed_Length,METERS,Meters,Ground_Support,0,25,,false
Cable_Bolter,NS=2;s=Holes_Drilled_Count,Holes_Drilled_Count,COUNT,Discrete Count,Ground_Support,0,1,,false
Cable_Bolter,NS=2;s=Hole_Meters_Drilled,Hole_Meters_Drilled,METERS,Meters,Ground_Support,0,25,,false
Cable_Bolter,NS=2;s=Holes_Cleaned_Count,Holes_Cleaned_Count,COUNT,Discrete Count,Ground_Support,0,1,,false
Face_Drill_Jumbo,NS=2;s=Fuel_Or_Charge_Percent,Fuel_Or_Charge_Percent,PCT,Percentage,Powertrain,5,100,,false
Face_Drill_Jumbo,NS=2;s=Is_Idle,Is_Idle,BOOL,Boolean Flag,Status,0,1,,false
Face_Drill_Jumbo,NS=2;s=Is_Operational,Is_Operational,BOOL,Boolean Flag,Status,0,1,,false
Face_Drill_Jumbo,NS=2;s=Is_In_Fault,Is_In_Fault,BOOL,Boolean Flag,Status,0,1,,false
Face_Drill_Jumbo,NS=2;s=Vehicle_Speed,Vehicle_Speed,KMH,Kilometers Per Hour,Mobility,0,25,,false
Face_Drill_Jumbo,NS=2;s=Location_Handshake_Zone,Location_Handshake_Zone,CODE,Location Zone,Location,,,LEVEL_2600_ORE_PASS|LEVEL_2600_RAMP_NORTH|LEVEL_2600_SHOP|RAMP_PORTAL|REFUGE_STATION_B|STOPE_402_HEADING,false
Face_Drill_Jumbo,NS=2;s=Tire_Pressure_FL,Tire_Pressure_FL,PSI,Pounds per Sq Inch,Tires,40,110,,false
Face_Drill_Jumbo,NS=2;s=Tire_Pressure_FR,Tire_Pressure_FR,PSI,Pounds per Sq Inch,Tires,40,110,,false
Face_Drill_Jumbo,NS=2;s=Tire_Pressure_RL,Tire_Pressure_RL,PSI,Pounds per Sq Inch,Tires,40,110,,false
Face_Drill_Jumbo,NS=2;s=Tire_Pressure_RR,Tire_Pressure_RR,PSI,Pounds per Sq Inch,Tires,40,110,,false
Face_Drill_Jumbo,NS=2;s=Engine_Cumulative_Hours,Engine_Cumulative_Hours,HRS,Hours,Powertrain,0,,,true
Face_Drill_Jumbo,NS=2;s=Engine_Oil_Temp,Engine_Oil_Temp,DEGC,Degrees Celsius,Powertrain,50,135,,false
Face_Drill_Jumbo,NS=2;s=Engine_Oil_Pressure,Engine_Oil_Pressure,PSI,Pounds per Sq Inch,Powertrain,10,75,,false
Face_Drill_Jumbo,NS=2;s=Fuel_Consumption_Rate,Fuel_Consumption_Rate,LPH,Liters Per Hour,Powertrain,0,45,,false
Face_Drill_Jumbo,NS=2;s=Transmission_Oil_Temp,Transmission_Oil_Temp,DEGC,Degrees Celsius,Powertrain,40,125,,false
Face_Drill_Jumbo,NS=2;s=Transmission_Oil_Pressure,Transmission_Oil_Pressure,PSI,Pounds per Sq Inch,Powertrain,50,280,,false
Face_Drill_Jumbo,NS=2;s=Brake_Cooling_Oil_Temp,Brake_Cooling_Oil_Temp,DEGC,Degrees Celsius,Braking,30,115,,false
Face_Drill_Jumbo,NS=2;s=Hydraulic_Filter_Restriction_Delta,Hydraulic_Filter_Restriction_Delta,PSI,Pounds per Sq Inch,Hydraulics,2,40,,false
Face_Drill_Jumbo,NS=2;s=Hydraulic_Oil_Level_Percent,Hydraulic_Oil_Level_Percent,PCT,Percentage,Hydraulics,30,100,,false
Face_Drill_Jumbo,NS=2;s=12V_Control_Bus_Voltage,12V_Control_Bus_Voltage,VOLTS,Volts DC,Electrical,10.5,14.2,,false
Face_Drill_Jumbo,NS=2;s=Exhaust_Gas_Temp,Exhaust_Gas_Temp,DEGC,Degrees Celsius,Powertrain,150,750,,false
Face_Drill_Jumbo,NS=2;s=Coolant_Level_Percent,Coolant_Level_Percent,PCT,Percentage,Powertrain,20,100,,false
Face_Drill_Jumbo,NS=2;s=Cabin_Operator_Seat_Occupied,Cabin_Operator_Seat_Occupied,BOOL,Boolean Flag,Safety,0,1,,false
Face_Drill_Jumbo,NS=2;s=Fire_Suppression_System_Pressure,Fire_Suppression_System_Pressure,PSI,Pounds per Sq Inch,Safety,100,360,,false
Face_Drill_Jumbo,NS=2;s=Articulated_Frame_Steer_Angle,Articulated_Frame_Steer_Angle,DEGREES,Degrees,Steering,-35,35,,false
Face_Drill_Jumbo,NS=2;s=Parking_Brake_Engaged,Parking_Brake_Engaged,BOOL,Boolean Flag,Braking,0,1,,false
Face_Drill_Jumbo,NS=2;s=Driveshaft_RPM,Driveshaft_RPM,RPM,Revolutions Per Minute,Powertrain,0,1800,,false
Face_Drill_Jumbo,NS=2;s=Ambient_Mine_Air_Temp,Ambient_Mine_Air_Temp,DEGC,Degrees Celsius,Environment,18,28,,false
Face_Drill_Jumbo,NS=2;s=System_Uptime_Seconds,System_Uptime_Seconds,SEC,Seconds,Diagnostics,0,,,true
Face_Drill_Jumbo,NS=2;s=Emergency_Stop_Circuit_Status,Emergency_Stop_Circuit_Status,BOOL,Boolean Flag,Safety,0,1,,false
Face_Drill_Jumbo,NS=2;s=Holes_Drilled_Count,Holes_Drilled_Count,COUNT,Discrete Count,Drilling,0,1,,false
Face_Drill_Jumbo,NS=2;s=Hole_Meters_Drilled,Hole_Meters_Drilled,METERS,Meters,Drilling,0,4.5,,false
Face_Drill_Jumbo,NS=2;s=Holes_Cleaned_Count,Holes_Cleaned_Count,COUNT,Discrete Count,Drilling,0,1,,false
Face_Drill_Jumbo,NS=2;s=Drill_Feed_Pressure,Drill_Feed_Pressure,PSI,Pounds per Sq Inch,Drilling,0,3200,,false
Face_Drill_Jumbo,NS=2;s=Water_Mist_Pressure,Water_Mist_Pressure,PSI,Pounds per Sq Inch,Drilling,0,500,,false
Longhole_Drill,NS=2;s=Fuel_Or_Charge_Percent,Fuel_Or_Charge_Percent,PCT,Percentage,Powertrain,5,100,,false
Longhole_Drill,NS=2;s=Is_Idle,Is_Idle,BOOL,Boolean Flag,Status,0,1,,false
Longhole_Drill,NS=2;s=Is_Operational,Is_Operational,BOOL,Boolean Flag,Status,0,1,,false
Longhole_Drill,NS=2;s=Is_In_Fault,Is_In_Fault,BOOL,Boolean Flag,Status,0,1,,false
Longhole_Drill,NS=2;s=Vehicle_Speed,Vehicle_Speed,KMH,Kilometers Per Hour,Mobility,0,25,,false
Longhole_Drill,NS=2;s=Location_Handshake_Zone,Location_Handshake_Zone,CODE,Location Zone,Location,,,LEVEL_2600_ORE_PASS|LEVEL_2600_RAMP_NORTH|LEVEL_2600_SHOP|RAMP_PORTAL|REFUGE_STATION_B|STOPE_402_HEADING,false
Longhole_Drill,NS=2;s=Tire_Pressure_FL,Tire_Pressure_FL,PSI,Pounds per Sq Inch,Tires,40,110,,false
Longhole_Drill,NS=2;s=Tire_Pressure_FR,Tire_Pressure_FR,PSI,Pounds per Sq Inch,Tires,40,110,,false
Longhole_Drill,NS=2;s=Tire_Pressure_RL,Tire_Pressure_RL,PSI,Pounds per Sq Inch,Tires,40,110,,false
Longhole_Drill,NS=2;s=Tire_Pressure_RR,Tire_Pressure_RR,PSI,Pounds per Sq Inch,Tires,40,110,,false
Longhole_Drill,NS=2;s=Engine_Cumulative_Hours,Engine_Cumulative_Hours,HRS,Hours,Powertrain,0,,,true
Longhole_Drill,NS=2;s=Engine_Oil_Temp,Engine_Oil_Temp,DEGC,Degrees Celsius,Powertrain,50,135,,false
Longhole_Drill,NS=2;s=Engine_Oil_Pressure,Engine_Oil_Pressure,PSI,Pounds per Sq Inch,Powertrain,10,75,,false
Longhole_Drill,NS=2;s=Fuel_Consumption_Rate,Fuel_Consumption_Rate,LPH,Liters Per Hour,Powertrain,0,45,,false
Longhole_Drill,NS=2;s=Transmission_Oil_Temp,Transmission_Oil_Temp,DEGC,Degrees Celsius,Powertrain,40,125,,false
Longhole_Drill,NS=2;s=Transmission_Oil_Pressure,Transmission_Oil_Pressure,PSI,Pounds per Sq Inch,Powertrain,50,280,,false
Longhole_Drill,NS=2;s=Brake_Cooling_Oil_Temp,Brake_Cooling_Oil_Temp,DEGC,Degrees Celsius,Braking,30,115,,false
Longhole_Drill,NS=2;s=Hydraulic_Filter_Restriction_Delta,Hydraulic_Filter_Restriction_Delta,PSI,Pounds per Sq Inch,Hydraulics,2,40,,false
Longhole_Drill,NS=2;s=Hydraulic_Oil_Level_Percent,Hydraulic_Oil_Level_Percent,PCT,Percentage,Hydraulics,30,100,,false
Longhole_Drill,NS=2;s=12V_Control_Bus_Voltage,12V_Control_Bus_Voltage,VOLTS,Volts DC,Electrical,10.5,14.2,,false
Longhole_Drill,NS=2;s=Exhaust_Gas_Temp,Exhaust_Gas_Temp,DEGC,Degrees Celsius,Powertrain,150,750,,false
Longhole_Drill,NS=2;s=Coolant_Level_Percent,Coolant_Level_Percent,PCT,Percentage,Powertrain,20,100,,false
Longhole_Drill,NS=2;s=Cabin_Operator_Seat_Occupied,Cabin_Operator_Seat_Occupied,BOOL,Boolean Flag,Safety,0,1,,false
Longhole_Drill,NS=2;s=Fire_Suppression_System_Pressure,Fire_Suppression_System_Pressure,PSI,Pounds per Sq Inch,Safety,100,360,,false
Longhole_Drill,NS=2;s=Articulated_Frame_Steer_Angle,Articulated_Frame_Steer_Angle,DEGREES,Degrees,Steering,-35,35,,false
Longhole_Drill,NS=2;s=Parking_Brake_Engaged,Parking_Brake_Engaged,BOOL,Boolean Flag,Braking,0,1,,false
Longhole_Drill,NS=2;s=Driveshaft_RPM,Driveshaft_RPM,RPM,Revolutions Per Minute,Powertrain,0,1800,,false
Longhole_Drill,NS=2;s=Ambient_Mine_Air_Temp,Ambient_Mine_Air_Temp,DEGC,Degrees Celsius,Environment,18,28,,false
Longhole_Drill,NS=2;s=System_Uptime_Seconds,System_Uptime_Seconds,SEC,Seconds,Diagnostics,0,,,true
Longhole_Drill,NS=2;s=Emergency_Stop_Circuit_Status,Emergency_Stop_Circuit_Status,BOOL,Boolean Flag,Safety,0,1,,false
Longhole_Drill,NS=2;s=Holes_Drilled_Count,Holes_Drilled_Count,COUNT,Discrete Count,Drilling,0,1,,false
Longhole_Drill,NS=2;s=Hole_Meters_Drilled,Hole_Meters_Drilled,METERS,Meters,Drilling,0,30,,false
Longhole_Drill,NS=2;s=Holes_Cleaned_Count,Holes_Cleaned_Count,COUNT,Discrete Count,Drilling,0,1,,false
Longhole_Drill,NS=2;s=Percussion_Hours,Percussion_Hours,HRS,Hours,Drilling,0,1,,false
Mine_Truck_Hauler,NS=2;s=Fuel_Or_Charge_Percent,Fuel_Or_Charge_Percent,PCT,Percentage,Powertrain,5,100,,false
Mine_Truck_Hauler,NS=2;s=Is_Idle,Is_Idle,BOOL,Boolean Flag,Status,0,1,,false
Mine_Truck_Hauler,NS=2;s=Is_Operational,Is_Operational,BOOL,Boolean Flag,Status,0,1,,false
Mine_Truck_Hauler,NS=2;s=Is_In_Fault,Is_In_Fault,BOOL,Boolean Flag,Status,0,1,,false
Mine_Truck_Hauler,NS=2;s=Vehicle_Speed,Vehicle_Speed,KMH,Kilometers Per Hour,Mobility,0,25,,false
Mine_Truck_Hauler,NS=2;s=Location_Handshake_Zone,Location_Handshake_Zone,CODE,Location Zone,Location,,,LEVEL_2600_ORE_PASS|LEVEL_2600_RAMP_NORTH|LEVEL_2600_SHOP|RAMP_PORTAL|REFUGE_STATION_B|STOPE_402_HEADING,false
Mine_Truck_Hauler,NS=2;s=Tire_Pressure_FL,Tire_Pressure_FL,PSI,Pounds per Sq Inch,Tires,40,110,,false
Mine_Truck_Hauler,NS=2;s=Tire_Pressure_FR,Tire_Pressure_FR,PSI,Pounds per Sq Inch,Tires,40,110,,false
Mine_Truck_Hauler,NS=2;s=Tire_Pressure_RL,Tire_Pressure_RL,PSI,Pounds per Sq Inch,Tires,40,110,,false
Mine_Truck_Hauler,NS=2;s=Tire_Pressure_RR,Tire_Pressure_RR,PSI,Pounds per Sq Inch,Tires,40,110,,false
Mine_Truck_Hauler,NS=2;s=Engine_Cumulative_Hours,Engine_Cumulative_Hours,HRS,Hours,Powertrain,0,,,true
Mine_Truck_Hauler,NS=2;s=Engine_Oil_Temp,Engine_Oil_Temp,DEGC,Degrees Celsius,Powertrain,50,135,,false
Mine_Truck_Hauler,NS=2;s=Engine_Oil_Pressure,Engine_Oil_Pressure,PSI,Pounds per Sq Inch,Powertrain,10,75,,false
Mine_Truck_Hauler,NS=2;s=Fuel_Consumption_Rate,Fuel_Consumption_Rate,LPH,Liters Per Hour,Powertrain,0,45,,false
Mine_Truck_Hauler,NS=2;s=Transmission_Oil_Temp,Transmission_Oil_Temp,DEGC,Degrees Celsius,Powertrain,40,125,,false
Mine_Truck_Hauler,NS=2;s=Transmission_Oil_Pressure,Transmission_Oil_Pressure,PSI,Pounds per Sq Inch,Powertrain,50,280,,false
Mine_Truck_Hauler,NS=2;s=Brake_Cooling_Oil_Temp,Brake_Cooling_Oil_Temp,DEGC,Degrees Celsius,Braking,30,115,,false
Mine_Truck_Hauler,NS=2;s=Hydraulic_Filter_Restriction_Delta,Hydraulic_Filter_Restriction_Delta,PSI,Pounds per Sq Inch,Hydraulics,2,40,,false
Mine_Truck_Hauler,NS=2;s=Hydraulic_Oil_Level_Percent,Hydraulic_Oil_Level_Percent,PCT,Percentage,Hydraulics,30,100,,false
Mine_Truck_Hauler,NS=2;s=12V_Control_Bus_Voltage,12V_Control_Bus_Voltage,VOLTS,Volts DC,Electrical,10.5,14.2,,false
Mine_Truck_Hauler,NS=2;s=Exhaust_Gas_Temp,Exhaust_Gas_Temp,DEGC,Degrees Celsius,Powertrain,150,750,,false
Mine_Truck_Hauler,NS=2;s=Coolant_Level_Percent,Coolant_Level_Percent,PCT,Percentage,Powertrain,20,100,,false
Mine_Truck_Hauler,NS=2;s=Cabin_Operator_Seat_Occupied,Cabin_Operator_Seat_Occupied,BOOL,Boolean Flag,Safety,0,1,,false
Mine_Truck_Hauler,NS=2;s=Fire_Suppression_System_Pressure,Fire_Suppression_System_Pressure,PSI,Pounds per Sq Inch,Safety,100,360,,false
Mine_Truck_Hauler,NS=2;s=Articulated_Frame_Steer_Angle,Articulated_Frame_Steer_Angle,DEGREES,Degrees,Steering,-35,35,,false
Mine_Truck_Hauler,NS=2;s=Parking_Brake_Engaged,Parking_Brake_Engaged,BOOL,Boolean Flag,Braking,0,1,,false
Mine_Truck_Hauler,NS=2;s=Driveshaft_RPM,Driveshaft_RPM,RPM,Revolutions Per Minute,Powertrain,0,1800,,false
Mine_Truck_Hauler,NS=2;s=Ambient_Mine_Air_Temp,Ambient_Mine_Air_Temp,DEGC,Degrees Celsius,Environment,18,28,,false
Mine_Truck_Hauler,NS=2;s=System_Uptime_Seconds,System_Uptime_Seconds,SEC,Seconds,Diagnostics,0,,,true
Mine_Truck_Hauler,NS=2;s=Emergency_Stop_Circuit_Status,Emergency_Stop_Circuit_Status,BOOL,Boolean Flag,Safety,0,1,,false
Mine_Truck_Hauler,NS=2;s=Payload_Tonnage,Payload_Tonnage,TONNES,Metric Tonnes,Material_Handling,0,75,,false
Mine_Truck_Hauler,NS=2;s=Dump_Bed_Incline_Angle,Dump_Bed_Incline_Angle,DEGREES,Degrees,Material_Handling,0,45,,false
Roof_Bolter,NS=2;s=Fuel_Or_Charge_Percent,Fuel_Or_Charge_Percent,PCT,Percentage,Powertrain,5,100,,false
Roof_Bolter,NS=2;s=Is_Idle,Is_Idle,BOOL,Boolean Flag,Status,0,1,,false
Roof_Bolter,NS=2;s=Is_Operational,Is_Operational,BOOL,Boolean Flag,Status,0,1,,false
Roof_Bolter,NS=2;s=Is_In_Fault,Is_In_Fault,BOOL,Boolean Flag,Status,0,1,,false
Roof_Bolter,NS=2;s=Vehicle_Speed,Vehicle_Speed,KMH,Kilometers Per Hour,Mobility,0,25,,false
Roof_Bolter,NS=2;s=Location_Handshake_Zone,Location_Handshake_Zone,CODE,Location Zone,Location,,,LEVEL_2600_ORE_PASS|LEVEL_2600_RAMP_NORTH|LEVEL_2600_SHOP|RAMP_PORTAL|REFUGE_STATION_B|STOPE_402_HEADING,false
Roof_Bolter,NS=2;s=Tire_Pressure_FL,Tire_Pressure_FL,PSI,Pounds per Sq Inch,Tires,40,110,,false
Roof_Bolter,NS=2;s=Tire_Pressure_FR,Tire_Pressure_FR,PSI,Pounds per Sq Inch,Tires,40,110,,false
Roof_Bolter,NS=2;s=Tire_Pressure_RL,Tire_Pressure_RL,PSI,Pounds per Sq Inch,Tires,40,110,,false
Roof_Bolter,NS=2;s=Tire_Pressure_RR,Tire_Pressure_RR,PSI,Pounds per Sq Inch,Tires,40,110,,false
Roof_Bolter,NS=2;s=Engine_Cumulative_Hours,Engine_Cumulative_Hours,HRS,Hours,Powertrain,0,,,true
Roof_Bolter,NS=2;s=Engine_Oil_Temp,Engine_Oil_Temp,DEGC,Degrees Celsius,Powertrain,50,135,,false
Roof_Bolter,NS=2;s=Engine_Oil_Pressure,Engine_Oil_Pressure,PSI,Pounds per Sq Inch,Powertrain,10,75,,false
Roof_Bolter,NS=2;s=Fuel_Consumption_Rate,Fuel_Consumption_Rate,LPH,Liters Per Hour,Powertrain,0,45,,false
Roof_Bolter,NS=2;s=Transmission_Oil_Temp,Transmission_Oil_Temp,DEGC,Degrees Celsius,Powertrain,40,125,,false
Roof_Bolter,NS=2;s=Transmission_Oil_Pressure,Transmission_Oil_Pressure,PSI,Pounds per Sq Inch,Powertrain,50,280,,false
Roof_Bolter,NS=2;s=Brake_Cooling_Oil_Temp,Brake_Cooling_Oil_Temp,DEGC,Degrees Celsius,Braking,30,115,,false
Roof_Bolter,NS=2;s=Hydraulic_Filter_Restriction_Delta,Hydraulic_Filter_Restriction_Delta,PSI,Pounds per Sq Inch,Hydraulics,2,40,,false
Roof_Bolter,NS=2;s=Hydraulic_Oil_Level_Percent,Hydraulic_Oil_Level_Percent,PCT,Percentage,Hydraulics,30,100,,false
Roof_Bolter,NS=2;s=12V_Control_Bus_Voltage,12V_Control_Bus_Voltage,VOLTS,Volts DC,Electrical,10.5,14.2,,false
Roof_Bolter,NS=2;s=Exhaust_Gas_Temp,Exhaust_Gas_Temp,DEGC,Degrees Celsius,Powertrain,150,750,,false
Roof_Bolter,NS=2;s=Coolant_Level_Percent,Coolant_Level_Percent,PCT,Percentage,Powertrain,20,100,,false
Roof_Bolter,NS=2;s=Cabin_Operator_Seat_Occupied,Cabin_Operator_Seat_Occupied,BOOL,Boolean Flag,Safety,0,1,,false
Roof_Bolter,NS=2;s=Fire_Suppression_System_Pressure,Fire_Suppression_System_Pressure,PSI,Pounds per Sq Inch,Safety,100,360,,false
Roof_Bolter,NS=2;s=Articulated_Frame_Steer_Angle,Articulated_Frame_Steer_Angle,DEGREES,Degrees,Steering,-35,35,,false
Roof_Bolter,NS=2;s=Parking_Brake_Engaged,Parking_Brake_Engaged,BOOL,Boolean Flag,Braking,0,1,,false
Roof_Bolter,NS=2;s=Driveshaft_RPM,Driveshaft_RPM,RPM,Revolutions Per Minute,Powertrain,0,1800,,false
Roof_Bolter,NS=2;s=Ambient_Mine_Air_Temp,Ambient_Mine_Air_Temp,DEGC,Degrees Celsius,Environment,18,28,,false
Roof_Bolter,NS=2;s=System_Uptime_Seconds,System_Uptime_Seconds,SEC,Seconds,Diagnostics,0,,,true
Roof_Bolter,NS=2;s=Emergency_Stop_Circuit_Status,Emergency_Stop_Circuit_Status,BOOL,Boolean Flag,Safety,0,1,,false
Roof_Bolter,NS=2;s=Resin_Container_A_Level_Percent,Resin_Container_A_Level_Percent,PCT,Percentage,Ground_Support,0,100,,false
Roof_Bolter,NS=2;s=Resin_Container_B_Level_Percent,Resin_Container_B_Level_Percent,PCT,Percentage,Ground_Support,0,100,,false
Roof_Bolter,NS=2;s=Bolts_Installed_Count,Bolts_Installed_Count,COUNT,Discrete Count,Ground_Support,0,1,,false
Roof_Bolter,NS=2;s=Holes_Drilled_Count,Holes_Drilled_Count,COUNT,Discrete Count,Ground_Support,0,1,,false
Roof_Bolter,NS=2;s=Hole_Meters_Drilled,Hole_Meters_Drilled,METERS,Meters,Ground_Support,0,3,,false
Roof_Bolter,NS=2;s=Holes_Cleaned_Count,Holes_Cleaned_Count,COUNT,Discrete Count,Ground_Support,0,1,,false
Roof_Bolter,NS=2;s=Grout_Pump_Pressure,Grout_Pump_Pressure,PSI,Pounds per Sq Inch,Ground_Support,0,2500,,false
Scaler,NS=2;s=Fuel_Or_Charge_Percent,Fuel_Or_Charge_Percent,PCT,Percentage,Powertrain,5,100,,false
Scaler,NS=2;s=Is_Idle,Is_Idle,BOOL,Boolean Flag,Status,0,1,,false
Scaler,NS=2;s=Is_Operational,Is_Operational,BOOL,Boolean Flag,Status,0,1,,false
Scaler,NS=2;s=Is_In_Fault,Is_In_Fault,BOOL,Boolean Flag,Status,0,1,,false
Scaler,NS=2;s=Vehicle_Speed,Vehicle_Speed,KMH,Kilometers Per Hour,Mobility,0,25,,false
Scaler,NS=2;s=Location_Handshake_Zone,Location_Handshake_Zone,CODE,Location Zone,Location,,,LEVEL_2600_ORE_PASS|LEVEL_2600_RAMP_NORTH|LEVEL_2600_SHOP|RAMP_PORTAL|REFUGE_STATION_B|STOPE_402_HEADING,false
Scaler,NS=2;s=Tire_Pressure_FL,Tire_Pressure_FL,PSI,Pounds per Sq Inch,Tires,40,110,,false
Scaler,NS=2;s=Tire_Pressure_FR,Tire_Pressure_FR,PSI,Pounds per Sq Inch,Tires,40,110,,false
Scaler,NS=2;s=Tire_Pressure_RL,Tire_Pressure_RL,PSI,Pounds per Sq Inch,Tires,40,110,,false
Scaler,NS=2;s=Tire_Pressure_RR,Tire_Pressure_RR,PSI,Pounds per Sq Inch,Tires,40,110,,false
Scaler,NS=2;s=Engine_Cumulative_Hours,Engine_Cumulative_Hours,HRS,Hours,Powertrain,0,,,true
Scaler,NS=2;s=Engine_Oil_Temp,Engine_Oil_Temp,DEGC,Degrees Celsius,Powertrain,50,135,,false
Scaler,NS=2;s=Engine_Oil_Pressure,Engine_Oil_Pressure,PSI,Pounds per Sq Inch,Powertrain,10,75,,false
Scaler,NS=2;s=Fuel_Consumption_Rate,Fuel_Consumption_Rate,LPH,Liters Per Hour,Powertrain,0,45,,false
Scaler,NS=2;s=Transmission_Oil_Temp,Transmission_Oil_Temp,DEGC,Degrees Celsius,Powertrain,40,125,,false
Scaler,NS=2;s=Transmission_Oil_Pressure,Transmission_Oil_Pressure,PSI,Pounds per Sq Inch,Powertrain,50,280,,false
Scaler,NS=2;s=Brake_Cooling_Oil_Temp,Brake_Cooling_Oil_Temp,DEGC,Degrees Celsius,Braking,30,115,,false
Scaler,NS=2;s=Hydraulic_Filter_Restriction_Delta,Hydraulic_Filter_Restriction_Delta,PSI,Pounds per Sq Inch,Hydraulics,2,40,,false
Scaler,NS=2;s=Hydraulic_Oil_Level_Percent,Hydraulic_Oil_Level_Percent,PCT,Percentage,Hydraulics,30,100,,false
Scaler,NS=2;s=12V_Control_Bus_Voltage,12V_Control_Bus_Voltage,VOLTS,Volts DC,Electrical,10.5,14.2,,false
Scaler,NS=2;s=Exhaust_Gas_Temp,Exhaust_Gas_Temp,DEGC,Degrees Celsius,Powertrain,150,750,,false
Scaler,NS=2;s=Coolant_Level_Percent,Coolant_Level_Percent,PCT,Percentage,Powertrain,20,100,,false
Scaler,NS=2;s=Cabin_Operator_Seat_Occupied,Cabin_Operator_Seat_Occupied,BOOL,Boolean Flag,Safety,0,1,,false
Scaler,NS=2;s=Fire_Suppression_System_Pressure,Fire_Suppression_System_Pressure,PSI,Pounds per Sq Inch,Safety,100,360,,false
Scaler,NS=2;s=Articulated_Frame_Steer_Angle,Articulated_Frame_Steer_Angle,DEGREES,Degrees,Steering,-35,35,,false
Scaler,NS=2;s=Parking_Brake_Engaged,Parking_Brake_Engaged,BOOL,Boolean Flag,Braking,0,1,,false
Scaler,NS=2;s=Driveshaft_RPM,Driveshaft_RPM,RPM,Revolutions Per Minute,Powertrain,0,1800,,false
Scaler,NS=2;s=Ambient_Mine_Air_Temp,Ambient_Mine_Air_Temp,DEGC,Degrees Celsius,Environment,18,28,,false
Scaler,NS=2;s=System_Uptime_Seconds,System_Uptime_Seconds,SEC,Seconds,Diagnostics,0,,,true
Scaler,NS=2;s=Emergency_Stop_Circuit_Status,Emergency_Stop_Circuit_Status,BOOL,Boolean Flag,Safety,0,1,,false
Scaler,NS=2;s=Scaler_Hammer_Impact_Freq,Scaler_Hammer_Impact_Freq,HZ,Hertz,Scaling,0,60,,false
Scissor_Lift,NS=2;s=Fuel_Or_Charge_Percent,Fuel_Or_Charge_Percent,PCT,Percentage,Powertrain,5,100,,false
Scissor_Lift,NS=2;s=Is_Idle,Is_Idle,BOOL,Boolean Flag,Status,0,1,,false
Scissor_Lift,NS=2;s=Is_Operational,Is_Operational,BOOL,Boolean Flag,Status,0,1,,false
Scissor_Lift,NS=2;s=Is_In_Fault,Is_In_Fault,BOOL,Boolean Flag,Status,0,1,,false
Scissor_Lift,NS=2;s=Vehicle_Speed,Vehicle_Speed,KMH,Kilometers Per Hour,Mobility,0,25,,false
Scissor_Lift,NS=2;s=Location_Handshake_Zone,Location_Handshake_Zone,CODE,Location Zone,Location,,,LEVEL_2600_ORE_PASS|LEVEL_2600_RAMP_NORTH|LEVEL_2600_SHOP|RAMP_PORTAL|REFUGE_STATION_B|STOPE_402_HEADING,false
Scissor_Lift,NS=2;s=Tire_Pressure_FL,Tire_Pressure_FL,PSI,Pounds per Sq Inch,Tires,40,110,,false
Scissor_Lift,NS=2;s=Tire_Pressure_FR,Tire_Pressure_FR,PSI,Pounds per Sq Inch,Tires,40,110,,false
Scissor_Lift,NS=2;s=Tire_Pressure_RL,Tire_Pressure_RL,PSI,Pounds per Sq Inch,Tires,40,110,,false
Scissor_Lift,NS=2;s=Tire_Pressure_RR,Tire_Pressure_RR,PSI,Pounds per Sq Inch,Tires,40,110,,false
Scissor_Lift,NS=2;s=Engine_Cumulative_Hours,Engine_Cumulative_Hours,HRS,Hours,Powertrain,0,,,true
Scissor_Lift,NS=2;s=Engine_Oil_Temp,Engine_Oil_Temp,DEGC,Degrees Celsius,Powertrain,50,135,,false
Scissor_Lift,NS=2;s=Engine_Oil_Pressure,Engine_Oil_Pressure,PSI,Pounds per Sq Inch,Powertrain,10,75,,false
Scissor_Lift,NS=2;s=Fuel_Consumption_Rate,Fuel_Consumption_Rate,LPH,Liters Per Hour,Powertrain,0,45,,false
Scissor_Lift,NS=2;s=Transmission_Oil_Temp,Transmission_Oil_Temp,DEGC,Degrees Celsius,Powertrain,40,125,,false
Scissor_Lift,NS=2;s=Transmission_Oil_Pressure,Transmission_Oil_Pressure,PSI,Pounds per Sq Inch,Powertrain,50,280,,false
Scissor_Lift,NS=2;s=Brake_Cooling_Oil_Temp,Brake_Cooling_Oil_Temp,DEGC,Degrees Celsius,Braking,30,115,,false
Scissor_Lift,NS=2;s=Hydraulic_Filter_Restriction_Delta,Hydraulic_Filter_Restriction_Delta,PSI,Pounds per Sq Inch,Hydraulics,2,40,,false
Scissor_Lift,NS=2;s=Hydraulic_Oil_Level_Percent,Hydraulic_Oil_Level_Percent,PCT,Percentage,Hydraulics,30,100,,false
Scissor_Lift,NS=2;s=12V_Control_Bus_Voltage,12V_Control_Bus_Voltage,VOLTS,Volts DC,Electrical,10.5,14.2,,false
Scissor_Lift,NS=2;s=Exhaust_Gas_Temp,Exhaust_Gas_Temp,DEGC,Degrees Celsius,Powertrain,150,750,,false
Scissor_Lift,NS=2;s=Coolant_Level_Percent,Coolant_Level_Percent,PCT,Percentage,Powertrain,20,100,,false
Scissor_Lift,NS=2;s=Cabin_Operator_Seat_Occupied,Cabin_Operator_Seat_Occupied,BOOL,Boolean Flag,Safety,0,1,,false
Scissor_Lift,NS=2;s=Fire_Suppression_System_Pressure,Fire_Suppression_System_Pressure,PSI,Pounds per Sq Inch,Safety,100,360,,false
Scissor_Lift,NS=2;s=Articulated_Frame_Steer_Angle,Articulated_Frame_Steer_Angle,DEGREES,Degrees,Steering,-35,35,,false
Scissor_Lift,NS=2;s=Parking_Brake_Engaged,Parking_Brake_Engaged,BOOL,Boolean Flag,Braking,0,1,,false
Scissor_Lift,NS=2;s=Driveshaft_RPM,Driveshaft_RPM,RPM,Revolutions Per Minute,Powertrain,0,1800,,false
Scissor_Lift,NS=2;s=Ambient_Mine_Air_Temp,Ambient_Mine_Air_Temp,DEGC,Degrees Celsius,Environment,18,28,,false
Scissor_Lift,NS=2;s=System_Uptime_Seconds,System_Uptime_Seconds,SEC,Seconds,Diagnostics,0,,,true
Scissor_Lift,NS=2;s=Emergency_Stop_Circuit_Status,Emergency_Stop_Circuit_Status,BOOL,Boolean Flag,Safety,0,1,,false
Scissor_Lift,NS=2;s=Platform_Height_Meters,Platform_Height_Meters,METERS,Meters,Utility,0,4.5,,false
Scooptram_LHD,NS=2;s=Fuel_Or_Charge_Percent,Fuel_Or_Charge_Percent,PCT,Percentage,Powertrain,5,100,,false
Scooptram_LHD,NS=2;s=Is_Idle,Is_Idle,BOOL,Boolean Flag,Status,0,1,,false
Scooptram_LHD,NS=2;s=Is_Operational,Is_Operational,BOOL,Boolean Flag,Status,0,1,,false
Scooptram_LHD,NS=2;s=Is_In_Fault,Is_In_Fault,BOOL,Boolean Flag,Status,0,1,,false
Scooptram_LHD,NS=2;s=Vehicle_Speed,Vehicle_Speed,KMH,Kilometers Per Hour,Mobility,0,25,,false
Scooptram_LHD,NS=2;s=Location_Handshake_Zone,Location_Handshake_Zone,CODE,Location Zone,Location,,,LEVEL_2600_ORE_PASS|LEVEL_2600_RAMP_NORTH|LEVEL_2600_SHOP|RAMP_PORTAL|REFUGE_STATION_B|STOPE_402_HEADING,false
Scooptram_LHD,NS=2;s=Tire_Pressure_FL,Tire_Pressure_FL,PSI,Pounds per Sq Inch,Tires,40,110,,false
Scooptram_LHD,NS=2;s=Tire_Pressure_FR,Tire_Pressure_FR,PSI,Pounds per Sq Inch,Tires,40,110,,false
Scooptram_LHD,NS=2;s=Tire_Pressure_RL,Tire_Pressure_RL,PSI,Pounds per Sq Inch,Tires,40,110,,false
Scooptram_LHD,NS=2;s=Tire_Pressure_RR,Tire_Pressure_RR,PSI,Pounds per Sq Inch,Tires,40,110,,false
Scooptram_LHD,NS=2;s=Engine_Cumulative_Hours,Engine_Cumulative_Hours,HRS,Hours,Powertrain,0,,,true
Scooptram_LHD,NS=2;s=Engine_Oil_Temp,Engine_Oil_Temp,DEGC,Degrees Celsius,Powertrain,50,135,,false
Scooptram_LHD,NS=2;s=Engine_Oil_Pressure,Engine_Oil_Pressure,PSI,Pounds per Sq Inch,Powertrain,10,75,,false
Scooptram_LHD,NS=2;s=Fuel_Consumption_Rate,Fuel_Consumption_Rate,LPH,Liters Per Hour,Powertrain,0,45,,false
Scooptram_LHD,NS=2;s=Transmission_Oil_Temp,Transmission_Oil_Temp,DEGC,Degrees Celsius,Powertrain,40,125,,false
Scooptram_LHD,NS=2;s=Transmission_Oil_Pressure,Transmission_Oil_Pressure,PSI,Pounds per Sq Inch,Powertrain,50,280,,false
Scooptram_LHD,NS=2;s=Brake_Cooling_Oil_Temp,Brake_Cooling_Oil_Temp,DEGC,Degrees Celsius,Braking,30,115,,false
Scooptram_LHD,NS=2;s=Hydraulic_Filter_Restriction_Delta,Hydraulic_Filter_Restriction_Delta,PSI,Pounds per Sq Inch,Hydraulics,2,40,,false
Scooptram_LHD,NS=2;s=Hydraulic_Oil_Level_Percent,Hydraulic_Oil_Level_Percent,PCT,Percentage,Hydraulics,30,100,,false
Scooptram_LHD,NS=2;s=12V_Control_Bus_Voltage,12V_Control_Bus_Voltage,VOLTS,Volts DC,Electrical,10.5,14.2,,false
Scooptram_LHD,NS=2;s=Exhaust_Gas_Temp,Exhaust_Gas_Temp,DEGC,Degrees Celsius,Powertrain,150,750,,false
Scooptram_LHD,NS=2;s=Coolant_Level_Percent,Coolant_Level_Percent,PCT,Percentage,Powertrain,20,100,,false
Scooptram_LHD,NS=2;s=Cabin_Operator_Seat_Occupied,Cabin_Operator_Seat_Occupied,BOOL,Boolean Flag,Safety,0,1,,false
Scooptram_LHD,NS=2;s=Fire_Suppression_System_Pressure,Fire_Suppression_System_Pressure,PSI,Pounds per Sq Inch,Safety,100,360,,false
Scooptram_LHD,NS=2;s=Articulated_Frame_Steer_Angle,Articulated_Frame_Steer_Angle,DEGREES,Degrees,Steering,-35,35,,false
Scooptram_LHD,NS=2;s=Parking_Brake_Engaged,Parking_Brake_Engaged,BOOL,Boolean Flag,Braking,0,1,,false
Scooptram_LHD,NS=2;s=Driveshaft_RPM,Driveshaft_RPM,RPM,Revolutions Per Minute,Powertrain,0,1800,,false
Scooptram_LHD,NS=2;s=Ambient_Mine_Air_Temp,Ambient_Mine_Air_Temp,DEGC,Degrees Celsius,Environment,18,28,,false
Scooptram_LHD,NS=2;s=System_Uptime_Seconds,System_Uptime_Seconds,SEC,Seconds,Diagnostics,0,,,true
Scooptram_LHD,NS=2;s=Emergency_Stop_Circuit_Status,Emergency_Stop_Circuit_Status,BOOL,Boolean Flag,Safety,0,1,,false
Scooptram_LHD,NS=2;s=Bucket_Pass_Count,Bucket_Pass_Count,COUNT,Discrete Count,Material_Handling,0,1,,false
Scooptram_LHD,NS=2;s=Payload_Tonnage,Payload_Tonnage,TONNES,Metric Tonnes,Material_Handling,0,24,,false
Scooptram_LHD,NS=2;s=Hydraulic_Lift_Pressure,Hydraulic_Lift_Pressure,PSI,Pounds per Sq Inch,Hydraulics,200,3800,,false
Underground_Grader,NS=2;s=Fuel_Or_Charge_Percent,Fuel_Or_Charge_Percent,PCT,Percentage,Powertrain,5,100,,false
Underground_Grader,NS=2;s=Is_Idle,Is_Idle,BOOL,Boolean Flag,Status,0,1,,false
Underground_Grader,NS=2;s=Is_Operational,Is_Operational,BOOL,Boolean Flag,Status,0,1,,false
Underground_Grader,NS=2;s=Is_In_Fault,Is_In_Fault,BOOL,Boolean Flag,Status,0,1,,false
Underground_Grader,NS=2;s=Vehicle_Speed,Vehicle_Speed,KMH,Kilometers Per Hour,Mobility,0,25,,false
Underground_Grader,NS=2;s=Location_Handshake_Zone,Location_Handshake_Zone,CODE,Location Zone,Location,,,LEVEL_2600_ORE_PASS|LEVEL_2600_RAMP_NORTH|LEVEL_2600_SHOP|RAMP_PORTAL|REFUGE_STATION_B|STOPE_402_HEADING,false
Underground_Grader,NS=2;s=Tire_Pressure_FL,Tire_Pressure_FL,PSI,Pounds per Sq Inch,Tires,40,110,,false
Underground_Grader,NS=2;s=Tire_Pressure_FR,Tire_Pressure_FR,PSI,Pounds per Sq Inch,Tires,40,110,,false
Underground_Grader,NS=2;s=Tire_Pressure_RL,Tire_Pressure_RL,PSI,Pounds per Sq Inch,Tires,40,110,,false
Underground_Grader,NS=2;s=Tire_Pressure_RR,Tire_Pressure_RR,PSI,Pounds per Sq Inch,Tires,40,110,,false
Underground_Grader,NS=2;s=Engine_Cumulative_Hours,Engine_Cumulative_Hours,HRS,Hours,Powertrain,0,,,true
Underground_Grader,NS=2;s=Engine_Oil_Temp,Engine_Oil_Temp,DEGC,Degrees Celsius,Powertrain,50,135,,false
Underground_Grader,NS=2;s=Engine_Oil_Pressure,Engine_Oil_Pressure,PSI,Pounds per Sq Inch,Powertrain,10,75,,false
Underground_Grader,NS=2;s=Fuel_Consumption_Rate,Fuel_Consumption_Rate,LPH,Liters Per Hour,Powertrain,0,45,,false
Underground_Grader,NS=2;s=Transmission_Oil_Temp,Transmission_Oil_Temp,DEGC,Degrees Celsius,Powertrain,40,125,,false
Underground_Grader,NS=2;s=Transmission_Oil_Pressure,Transmission_Oil_Pressure,PSI,Pounds per Sq Inch,Powertrain,50,280,,false
Underground_Grader,NS=2;s=Brake_Cooling_Oil_Temp,Brake_Cooling_Oil_Temp,DEGC,Degrees Celsius,Braking,30,115,,false
Underground_Grader,NS=2;s=Hydraulic_Filter_Restriction_Delta,Hydraulic_Filter_Restriction_Delta,PSI,Pounds per Sq Inch,Hydraulics,2,40,,false
Underground_Grader,NS=2;s=Hydraulic_Oil_Level_Percent,Hydraulic_Oil_Level_Percent,PCT,Percentage,Hydraulics,30,100,,false
Underground_Grader,NS=2;s=12V_Control_Bus_Voltage,12V_Control_Bus_Voltage,VOLTS,Volts DC,Electrical,10.5,14.2,,false
Underground_Grader,NS=2;s=Exhaust_Gas_Temp,Exhaust_Gas_Temp,DEGC,Degrees Celsius,Powertrain,150,750,,false
Underground_Grader,NS=2;s=Coolant_Level_Percent,Coolant_Level_Percent,PCT,Percentage,Powertrain,20,100,,false
Underground_Grader,NS=2;s=Cabin_Operator_Seat_Occupied,Cabin_Operator_Seat_Occupied,BOOL,Boolean Flag,Safety,0,1,,false
Underground_Grader,NS=2;s=Fire_Suppression_System_Pressure,Fire_Suppression_System_Pressure,PSI,Pounds per Sq Inch,Safety,100,360,,false
Underground_Grader,NS=2;s=Articulated_Frame_Steer_Angle,Articulated_Frame_Steer_Angle,DEGREES,Degrees,Steering,-35,35,,false
Underground_Grader,NS=2;s=Parking_Brake_Engaged,Parking_Brake_Engaged,BOOL,Boolean Flag,Braking,0,1,,false
Underground_Grader,NS=2;s=Driveshaft_RPM,Driveshaft_RPM,RPM,Revolutions Per Minute,Powertrain,0,1800,,false
Underground_Grader,NS=2;s=Ambient_Mine_Air_Temp,Ambient_Mine_Air_Temp,DEGC,Degrees Celsius,Environment,18,28,,false
Underground_Grader,NS=2;s=System_Uptime_Seconds,System_Uptime_Seconds,SEC,Seconds,Diagnostics,0,,,true
Underground_Grader,NS=2;s=Emergency_Stop_Circuit_Status,Emergency_Stop_Circuit_Status,BOOL,Boolean Flag,Safety,0,1,,false
Underground_Grader,NS=2;s=Grader_Blade_Position_MM,Grader_Blade_Position_MM,MM,Millimeters,Road_Maintenance,-50,150,,false
